cog;actual;capay;crpay;ani;libcog;libenr;ancnom;codeiso2;codeiso3;codenum3
99101;1;;;;DANEMARK;ROYAUME DU DANEMARK;;DK;DNK;208
99102;1;;;1944;ISLANDE;RÉPUBLIQUE D'ISLANDE;;IS;ISL;352
99103;1;;;;NORVEGE;ROYAUME DE NORVÈGE;;NO;NOR;578
99104;1;;;;SUEDE;ROYAUME DE SUÈDE;;SE;SWE;752
99105;1;;;;FINLANDE;RÉPUBLIQUE DE FINLANDE;;FI;FIN;246
99106;1;99123;;1991;ESTONIE;RÉPUBLIQUE D'ESTONIE;;EE;EST;233
99107;1;99123;;1991;LETTONIE;RÉPUBLIQUE DE LETTONIE;;LV;LVA;428
99108;1;99123;;1991;LITUANIE;RÉPUBLIQUE DE LITUANIE;;LT;LTU;440
99109;1;;;1990;ALLEMAGNE;RÉPUBLIQUE FÉDÉRALE D'ALLEMAGNE;;DE;DEU;276
99110;1;;;;AUTRICHE;RÉPUBLIQUE D'AUTRICHE;;AT;AUT;40
99111;1;;;;BULGARIE;RÉPUBLIQUE DE BULGARIE;;BG;BGR;100
99112;1;;;;HONGRIE;RÉPUBLIQUE DE HONGRIE;;HU;HUN;348
99113;1;;;;LIECHTENSTEIN;PRINCIPAUTÉ DE LIECHTENSTEIN;;LI;LIE;438
99114;1;;;;ROUMANIE;ROUMANIE;;RO;ROU;642
99116;1;99115;;1992;TCHEQUE (REPUBLIQUE);RÉPUBLIQUE TCHÈQUE;;CZ;CZE;203
99117;1;99115;;1992;SLOVAQUIE;RÉPUBLIQUE SLOVAQUE;;SK;SVK;703
99118;1;99121;;1992;BOSNIE-HERZEGOVINE;RÉPUBLIQUE DE BOSNIE-HERZÉGOVINE;;BA;BIH;70
99119;1;99121;;1991;CROATIE;RÉPUBLIQUE DE CROATIE;;HR;HRV;191
99120;1;99121;;2006;MONTENEGRO;RÉPUBLIQUE DU MONTÉNÉGRO;SERBIE-ET-MONTENEGRO;ME;MNE;499
99121;1;;;2006;SERBIE;RÉPUBLIQUE DE SERBIE;SERBIE-ET-MONTENEGRO;RS;SRB;688
99122;1;;;;POLOGNE;RÉPUBLIQUE DE POLOGNE;;PL;POL;616
99123;1;;;1991;RUSSIE;FÉDÉRATION DE RUSSIE;U.R.S.S.;RU;RUS;643
99125;1;;;;ALBANIE;RÉPUBLIQUE D'ALBANIE;;AL;ALB;8
99126;1;;;;GRECE;RÉPUBLIQUE HELLÉNIQUE;;GR;GRC;300
99127;1;;;;ITALIE;RÉPUBLIQUE ITALIENNE;;IT;ITA;380
99128;1;;;;SAINT-MARIN;RÉPUBLIQUE DE SAINT-MARIN;;SM;SMR;674
99129;1;;;;VATICAN;ÉTAT DE LA CITÉ DU VATICAN;;VA;VAT;336
99130;1;;;;ANDORRE;PRINCIPAUTÉ D'ANDORRE;;AD;AND;20
99131;1;;;;BELGIQUE;ROYAUME DE BELGIQUE;;BE;BEL;56
99132;1;;;;ROYAUME-UNI;ROYAUME-UNI DE GRANDE-BRETAGNE ET D'IRLANDE DU NORD;;GB;GBR;826
99134;1;;;;ESPAGNE;ROYAUME D'ESPAGNE;;ES;ESP;724
99135;1;;;;PAYS-BAS;ROYAUME DES PAYS-BAS;HOLLANDE;NL;NLD;528
99136;1;;;;IRLANDE;IRLANDE;;IE;IRL;372
99137;1;;;;LUXEMBOURG;GRAND-DUCHÉ DE LUXEMBOURG;;LU;LUX;442
99138;1;;;;MONACO;PRINCIPAUTÉ DE MONACO;;MC;MCO;492
99139;1;;;;PORTUGAL;RÉPUBLIQUE PORTUGAISE;;PT;PRT;620
99140;1;;;;SUISSE;CONFÉDÉRATION SUISSE;;CH;CHE;756
99144;1;99133;;1964;MALTE;RÉPUBLIQUE DE MALTE;;MT;MLT;470
99145;1;99121;;1991;SLOVENIE;RÉPUBLIQUE DE SLOVÉNIE;;SI;SVN;705
99148;1;99123;;1991;BIELORUSSIE;RÉPUBLIQUE DE BIÉLORUSSIE;;BY;BLR;112
99151;1;99123;;1991;MOLDAVIE;RÉPUBLIQUE DE MOLDAVIE;;MD;MDA;498
99155;1;99123;;1991;UKRAINE;UKRAINE;;UA;UKR;804
99156;1;99121;;1993;MACEDOINE DU NORD;RÉPUBLIQUE DE MACÉDOINE DU NORD;EX-REPUBLIQUE YOUGOSLAVE DE MACEDOINE;MK;MKD;807
99157;1;99121;;2008;KOSOVO;RÉPUBLIQUE DU KOSOVO;SERBIE;XK;XKO;
99201;1;;;;ARABIE SAOUDITE;ROYAUME D'ARABIE SAOUDITE;;SA;SAU;682
99203;1;;;;IRAQ;RÉPUBLIQUE D'IRAQ;;IQ;IRQ;368
99204;1;;;;IRAN;RÉPUBLIQUE ISLAMIQUE D'IRAN;PERSE;IR;IRN;364
99205;1;;;1943;LIBAN;RÉPUBLIQUE LIBANAISE;;LB;LBN;422
99206;1;;;1944;SYRIE;RÉPUBLIQUE ARABE SYRIENNE;;SY;SYR;760
99207;1;;;1948;ISRAEL;ÉTAT D'ISRAËL;;IL;ISR;376
99208;1;;;;TURQUIE;RÉPUBLIQUE TURQUE;;TR;TUR;792
99212;1;;;;AFGHANISTAN;ÉTAT ISLAMIQUE D'AFGHANISTAN;;AF;AFG;4
99213;1;;;1947;PAKISTAN;RÉPUBLIQUE ISLAMIQUE DU PAKISTAN;;PK;PAK;586
99214;1;;;;BHOUTAN;ROYAUME DU BHOUTAN;;BT;BTN;64
99215;1;;;;NEPAL;ROYAUME DU NÉPAL;;NP;NPL;524
99216;1;;;;CHINE;RÉPUBLIQUE POPULAIRE DE CHINE;;CN;CHN;156
99217;1;;;;JAPON;JAPON;;JP;JPN;392
99219;1;;;;THAILANDE;ROYAUME DE THAÏLANDE;SIAM;TH;THA;764
99220;1;;;1946;PHILIPPINES;RÉPUBLIQUE DES PHILIPPINES;;PH;PHL;608
99222;1;;;1946;JORDANIE;ROYAUME HACHÉMITE DE JORDANIE;TRANSJORDANIE;JO;JOR;400
99223;1;;;1947;INDE;RÉPUBLIQUE DE L'INDE;;IN;IND;356
99224;1;;;1948;BIRMANIE;UNION DE BIRMANIE;;MM;MMR;104
99225;1;;;1984;BRUNEI;NEGARA BRUNEI DARUSSALAM;BORNEO BRITANNIQUE;BN;BRN;96
99226;1;;;1965;SINGAPOUR;RÉPUBLIQUE DE SINGAPOUR;ETABLS. DES DETROITS;SG;SGP;702
99227;1;;;1957;MALAISIE;MALAISIE;;MY;MYS;458
99229;1;;;1965;MALDIVES;RÉPUBLIQUE DES MALDIVES;ILES MALDIVES;MV;MDV;462
99231;1;;;1945;INDONESIE;RÉPUBLIQUE D'INDONÉSIE;INDES NEER. ET PORT.;ID;IDN;360
99234;1;98503;;1953;CAMBODGE;ROYAUME DU CAMBODGE;KAMPUCHEA DEM.;KH;KHM;116
99235;1;99223;;1948;SRI LANKA;RÉPUBLIQUE DÉMOCRATIQUE SOCIALISTE DU SRI LANKA;CEYLAN;LK;LKA;144
99238;1;99237;;1953;COREE (REPUBLIQUE POPULAIRE DEMOCRATIQUE DE);RÉPUBLIQUE POPULAIRE DÉMOCRATIQUE DE CORÉE;;KP;PRK;408
99239;1;99237;;1945;COREE (REPUBLIQUE DE);RÉPUBLIQUE DE CORÉE;;KR;KOR;410
99240;1;99221;;1961;KOWEIT;ÉTAT DU KOWEÏT;;KW;KWT;414
99241;1;98505;;1949;LAOS;RÉPUBLIQUE DÉMOCRATIQUE POPULAIRE LAO;;LA;LAO;418
99242;1;99216;;1945;MONGOLIE;MONGOLIE;MONGOLIE EXTERIEURE;MN;MNG;496
99243;1;;;1976;VIET NAM;RÉPUBLIQUE SOCIALISTE DU VIÊT NAM;;VN;VNM;704
99246;1;99213;;1972;BANGLADESH;RÉPUBLIQUE POPULAIRE DU BANGLADESH;PAKISTAN ORIENTAL;BD;BGD;50
99247;1;99221;;1971;EMIRATS ARABES UNIS;ÉMIRATS ARABES UNIS;;AE;ARE;784
99248;1;99221;;1971;QATAR;ÉTAT DU QATAR;;QA;QAT;634
99249;1;99221;;1971;BAHREIN;ÉTAT DE BAHREÏN;;BH;BHR;48
99250;1;99221;;1971;OMAN;SULTANAT D'OMAN;MASCATE-ET-OMAN;OM;OMN;512
99251;1;;;1990;YEMEN;RÉPUBLIQUE DU YÉMEN;;YE;YEM;887
99252;1;99123;;1991;ARMENIE;RÉPUBLIQUE D'ARMÉNIE;;AM;ARM;51
99253;1;99123;;1991;AZERBAIDJAN;RÉPUBLIQUE AZERBAÏDJANAISE;;AZ;AZE;31
99254;1;99143;;1960;CHYPRE;RÉPUBLIQUE DE CHYPRE;;CY;CYP;196
99255;1;99123;;1991;GEORGIE;RÉPUBLIQUE DE GÉORGIE;;GE;GEO;268
99256;1;99123;;1991;KAZAKHSTAN;RÉPUBLIQUE DU KAZAKHSTAN;;KZ;KAZ;398
99257;1;99123;;1991;KIRGHIZISTAN;RÉPUBLIQUE KIRGHIZE;;KG;KGZ;417
99258;1;99123;;1991;OUZBEKISTAN;RÉPUBLIQUE D'OUZBÉKISTAN;;UZ;UZB;860
99259;1;99123;;1991;TADJIKISTAN;RÉPUBLIQUE DU TADJIKISTAN;;TJ;TJK;762
99260;1;99123;;1991;TURKMENISTAN;TURKMÉNISTAN;;TM;TKM;795
99261;1;99207;;;PALESTINE (Etat de);ÉTAT DE PALESTINE;PALESTINE (Territoire de);PS;PSE;275
99262;1;99231;;2002;TIMOR ORIENTAL;RÉPUBLIQUE DÉMOCRATIQUE DU TIMOR ORIENTAL;;TL;TLS;626
99301;1;;;;EGYPTE;RÉPUBLIQUE ARABE D'ÉGYPTE;;EG;EGY;818
99302;1;;;;LIBERIA;RÉPUBLIQUE DU LIBERIA;;LR;LBR;430
99303;1;;;;AFRIQUE DU SUD;RÉPUBLIQUE D'AFRIQUE DU SUD;UNION SUD-AFRICAINE;ZA;ZAF;710
99304;1;;;1965;GAMBIE;RÉPUBLIQUE DE GAMBIE;;GM;GMB;270
99309;1;;;1961;TANZANIE;RÉPUBLIQUE UNIE DE TANZANIE;TANGANYIKA, ZANZIBAR;TZ;TZA;834
99310;1;;;1980;ZIMBABWE;RÉPUBLIQUE DU ZIMBABWE;RHODESIE DU SUD;ZW;ZWE;716
99311;1;;;1990;NAMIBIE;RÉPUBLIQUE DE NAMIBIE;SUD-OUEST AFRICAIN;NA;NAM;516
99312;1;;;1960;CONGO (REPUBLIQUE DEMOCRATIQUE);RÉPUBLIQUE DÉMOCRATIQUE DU CONGO;ZAIRE;CD;COD;180
99314;1;;;1968;GUINEE EQUATORIALE;RÉPUBLIQUE DE GUINÉE ÉQUATORIALE;GUINEE ESPAGNOLE;GQ;GNQ;226
99315;1;;;;ETHIOPIE;RÉPUBLIQUE DÉMOCRATIQUE FÉDÉRALE D'ÉTHIOPIE;ABYSSINIE;ET;ETH;231
99316;1;;;1951;LIBYE;JAMAHIRIYA ARABE LIBYENNE POPULAIRE ET SOCIALISTE;CYRENAIQUE;LY;LBY;434
99317;1;99315;;1993;ERYTHREE;ÉTAT D'ÉRYTHRÉE;;ER;ERI;232
99318;1;99308;;1951;SOMALIE;SOMALIE;;SO;SOM;706
99321;1;99312;;1962;BURUNDI;RÉPUBLIQUE DU BURUNDI;URUNDI;BI;BDI;108
99322;1;99305;;1961;CAMEROUN;RÉPUBLIQUE DU CAMEROUN;;CM;CMR;120
99323;1;98303;;1960;CENTRAFRICAINE (REPUBLIQUE);RÉPUBLIQUE CENTRAFRICAINE;OUBANGUI-CHARI;CF;CAF;140
99324;1;98302;;1960;CONGO;RÉPUBLIQUE DU CONGO;CONGO-BRAZZAVILLE;CG;COG;178
99326;1;98204;;1960;COTE D'IVOIRE;RÉPUBLIQUE DE CÔTE D'IVOIRE;;CI;CIV;384
99327;1;98205;;1960;BENIN;RÉPUBLIQUE DU BÉNIN;DAHOMEY;BJ;BEN;204
99328;1;98301;;1960;GABON;RÉPUBLIQUE GABONAISE;;GA;GAB;266
99329;1;99304;;1957;GHANA;RÉPUBLIQUE DU GHANA;COTE-DE-L'OR;GH;GHA;288
99330;1;XXXXX;;1958;GUINEE;RÉPUBLIQUE DE GUINÉE;GUINEE FRANCAISE;GN;GIN;324
99331;1;98209;;1960;BURKINA;BURKINA FASO;HAUTE-VOLTA;BF;BFA;854
99332;1;99307;;1963;KENYA;RÉPUBLIQUE DU KENYA;;KE;KEN;404
99333;1;98401;;1960;MADAGASCAR;RÉPUBLIQUE DE MADAGASCAR;;MG;MDG;450
99334;1;99310;;1964;MALAWI;RÉPUBLIQUE DU MALAWI;NYASSALAND;MW;MWI;454
99335;1;98206;;1960;MALI;RÉPUBLIQUE DU MALI;SOUDAN FRANCAIS;ML;MLI;466
99336;1;98201;;1960;MAURITANIE;RÉPUBLIQUE ISLAMIQUE DE MAURITANIE;;MR;MRT;478
99337;1;98207;;1960;NIGER;RÉPUBLIQUE DU NIGER;;NE;NER;562
99338;1;99304;;1960;NIGERIA;RÉPUBLIQUE FÉDÉRALE DU NIGÉRIA;;NG;NGA;566
99339;1;99307;;1962;OUGANDA;RÉPUBLIQUE DE L'OUGANDA;;UG;UGA;800
99340;1;99312;;1962;RWANDA;RÉPUBLIQUE RWANDAISE;RUANDA;RW;RWA;646
99341;1;98202;;1960;SENEGAL;RÉPUBLIQUE DU SÉNÉGAL;;SN;SEN;686
99342;1;99304;;1961;SIERRA LEONE;RÉPUBLIQUE DE SIERRA LEONE;;SL;SLE;694
99343;1;99307;;1956;SOUDAN;RÉPUBLIQUE DU SOUDAN;ANGLO-EGYPTIEN;SD;SDN;729
99344;1;98304;;1960;TCHAD;RÉPUBLIQUE DU TCHAD;;TD;TCD;148
99345;1;99305;;1960;TOGO;RÉPUBLIQUE TOGOLAISE;;TG;TGO;768
99346;1;99310;;1964;ZAMBIE;RÉPUBLIQUE DE ZAMBIE;RHODESIE DU NORD;ZM;ZMB;894
99347;1;99310;;1966;BOTSWANA;RÉPUBLIQUE DU BOTSWANA;BECHUANALAND;BW;BWA;72
99348;1;99310;;1966;LESOTHO;ROYAUME DU LESOTHO;BASUTOLAND;LS;LSO;426
99349;1;99343;;2011;SOUDAN DU SUD;RÉPUBLIQUE DU SOUDAN DU SUD;;SS;SSD;728
99350;1;XXXXX;;1956;MAROC;ROYAUME DU MAROC;;MA;MAR;504
99351;1;XXXXX;;1956;TUNISIE;RÉPUBLIQUE TUNISIENNE;;TN;TUN;788
99352;1;XXXXX;;1962;ALGERIE;RÉPUBLIQUE ALGÉRIENNE DÉMOCRATIQUE ET POPULAIRE;;DZ;DZA;12
99390;1;99308;;1968;MAURICE;RÉPUBLIQUE DE MAURICE;;MU;MUS;480
99391;1;99310;;1968;ESWATINI;ROYAUME D'ESWATINI;SWAZILAND;SZ;SWZ;748
99392;1;99319;;1974;GUINEE-BISSAU;RÉPUBLIQUE DE GUINÉE-BISSAU;GUINEE PORTUGAISE;GW;GNB;624
99393;1;99320;;1975;MOZAMBIQUE;RÉPUBLIQUE DU MOZAMBIQUE;;MZ;MOZ;508
99394;1;99319;;1975;SAO TOME-ET-PRINCIPE;RÉPUBLIQUE DÉMOCRATIQUE DE SAO TOMÉ-ET-PRINCIPE;;ST;STP;678
99395;1;99319;;1975;ANGOLA;RÉPUBLIQUE D'ANGOLA;;AO;AGO;24
99396;1;99319;;1975;CAP-VERT;RÉPUBLIQUE DU CAP-VERT;;CV;CPV;132
99397;1;98402;;1975;COMORES;RÉPUBLIQUE FÉDÉRALE ISLAMIQUE DES COMORES;;KM;COM;174
99398;1;99308;;1976;SEYCHELLES;RÉPUBLIQUE DES SEYCHELLES;;SC;SYC;690
99399;1;98406;;1977;DJIBOUTI;RÉPUBLIQUE DE DJIBOUTI;T.F. AFARS ET ISSAS;DJ;DJI;262
99401;1;;;;CANADA;CANADA;;CA;CAN;124
99404;1;;;;ETATS-UNIS;ÉTATS-UNIS D'AMÉRIQUE;;US;USA;840
99405;1;;;;MEXIQUE;ÉTATS-UNIS DU MEXIQUE;;MX;MEX;484
99406;1;;;;COSTA RICA;RÉPUBLIQUE DU COSTA RICA;;CR;CRI;188
99407;1;;;;CUBA;RÉPUBLIQUE DE CUBA;;CU;CUB;192
99408;1;;;;DOMINICAINE (REPUBLIQUE);RÉPUBLIQUE DOMINICAINE;SAINT-DOMINGUE;DO;DOM;214
99409;1;;;;GUATEMALA;RÉPUBLIQUE DU GUATEMALA;;GT;GTM;320
99410;1;;;;HAITI;RÉPUBLIQUE D'HAÏTI;;HT;HTI;332
99411;1;;;;HONDURAS;RÉPUBLIQUE DU HONDURAS;;HN;HND;340
99412;1;;;;NICARAGUA;RÉPUBLIQUE DU NICARAGUA;;NI;NIC;558
99413;1;;;;PANAMA;RÉPUBLIQUE DU PANAMA;;PA;PAN;591
99414;1;;;;EL SALVADOR;RÉPUBLIQUE DU SALVADOR;;SV;SLV;222
99415;1;;;;ARGENTINE;RÉPUBLIQUE ARGENTINE;;AR;ARG;32
99416;1;;;;BRESIL;RÉPUBLIQUE FÉDÉRATIVE DU BRÉSIL;;BR;BRA;76
99417;1;;;;CHILI;RÉPUBLIQUE DU CHILI;;CL;CHL;152
99418;1;;;;BOLIVIE;ÉTAT PLURINATIONAL DE BOLIVIE;REPUBLIQUE DE BOLIVIE;BO;BOL;68
99419;1;;;;COLOMBIE;RÉPUBLIQUE DE COLOMBIE;;CO;COL;170
99420;1;;;;EQUATEUR;RÉPUBLIQUE DE L'ÉQUATEUR;;EC;ECU;218
99421;1;;;;PARAGUAY;RÉPUBLIQUE DU PARAGUAY;;PY;PRY;600
99422;1;;;;PEROU;RÉPUBLIQUE DU PÉROU;;PE;PER;604
99423;1;;;;URUGUAY;RÉPUBLIQUE ORIENTALE DE L'URUGUAY;;UY;URY;858
99424;1;;;;VENEZUELA;RÉPUBLIQUE BOLIVARIENNE DU VENEZUELA;REPUBLIQUE DU VENEZUELA;VE;VEN;862
99426;1;;;1962;JAMAIQUE;JAMAÏQUE;;JM;JAM;388
99428;1;;;1966;GUYANA;RÉPUBLIQUE COOPÉRATIVE DE GUYANA;GUYANE BRITANNIQUE;GY;GUY;328
99429;1;;;1981;BELIZE;BELIZE;HONDURAS BRITANNIQUE;BZ;BLZ;84
99433;1;99426;;1962;TRINITE-ET-TOBAGO;RÉPUBLIQUE DE TRINITÉ-ET-TOBAGO;;TT;TTO;780
99434;1;99425;;1966;BARBADE;BARBADE;;BB;BRB;52
99435;1;99425;;1974;GRENADE;GRENADE;;GD;GRD;308
99436;1;99425;;1973;BAHAMAS;COMMONWEALTH DES BAHAMAS;ILES  LUCAYES;BS;BHS;44
99437;1;99431;;1975;SURINAME;RÉPUBLIQUE DU SURINAME;GUYANE NEERLANDAISE;SR;SUR;740
99438;1;99425;;1978;DOMINIQUE;COMMONWEALTH DE DOMINIQUE;;DM;DMA;212
99439;1;99425;;1979;SAINTE-LUCIE;SAINTE-LUCIE;;LC;LCA;662
99440;1;99425;;1979;SAINT-VINCENT-ET-LES GRENADINES;SAINT-VINCENT-ET-LES GRENADINES;;VC;VCT;670
99441;1;99425;;1981;ANTIGUA-ET-BARBUDA;ANTIGUA-ET-BARBUDA;;AG;ATG;28
99442;1;99425;;1983;SAINT-CHRISTOPHE-ET-NIEVES;FÉDÉRATION DE SAINT-CHRISTOPHE-ET-NIÉVÈS;;KN;KNA;659
99443;1;99431;;2010;BONAIRE;BONAIRE, SAINT EUSTACHE ET SABA;;BQ;BES;535
99444;1;99431;;2010;CURAÇAO;CURAÇAO;;CW;CUW;531
99445;1;99431;;2010;SAINT-MARTIN (PARTIE NEERLANDAISE);SAINT-MARTIN (PARTIE NÉERLANDAISE);;SX;SXM;534
99501;1;;;;AUSTRALIE;AUSTRALIE;;AU;AUS;36
99502;1;;;;NOUVELLE-ZELANDE;NOUVELLE-ZÉLANDE;;NZ;NZL;554
99506;1;99505;;1962;SAMOA OCCIDENTALES;ÉTAT INDÉPENDANT DES SAMOA OCCIDENTALES;;WS;WSM;882
99507;1;99501;;1968;NAURU;RÉPUBLIQUE DE NAURU;;NR;NRU;520
99508;1;99503;;1970;FIDJI;RÉPUBLIQUE DES FIDJI;;FJ;FJI;242
99509;1;99503;;1970;TONGA;ROYAUME DES TONGA;;TO;TON;776
99510;1;99501;;1975;PAPOUASIE-NOUVELLE-GUINEE;PAPOUASIE-NOUVELLE-GUINÉE;;PG;PNG;598
99511;1;99503;;1978;TUVALU;TUVALU;ILES ELLICE;TV;TUV;798
99512;1;99503;;1978;SALOMON (ILES);ÎLES SALOMON;ILES SALOMON DU SUD;SB;SLB;90
99513;1;;;1979;KIRIBATI;RÉPUBLIQUE DE KIRIBATI;ILES GILBERT;KI;KIR;296
99514;1;99503;;1980;VANUATU;RÉPUBLIQUE DE VANUATU;NOUVELLES-HEBRIDES;VU;VUT;548
99515;1;99505;;1991;MARSHALL (ILES);RÉPUBLIQUE DES ÎLES MARSHALL;;MH;MHL;584
99516;1;99505;;1991;MICRONESIE (ETATS FEDERES DE);ÉTATS FÉDÉRÉS DE MICRONÉSIE;;FM;FSM;583
99517;1;99404;;1994;PALAOS (ILES);RÉPUBLIQUE DES ÎLES PALAOS;BELAU;PW;PLW;585
XXXXX;1;;;;FRANCE;RÉPUBLIQUE FRANÇAISE;;FR;FRA;250
